{
  "reservations": [
    {
      "id": "RES001",
      "slotId": "SL001",
      "slotName": "Downtown Plaza - Level 2",
      "date": "2024-01-15",
      "startTime": "10:00",
      "endTime": "14:00",
      "duration": 4,
      "price": 200,
      "status": "completed",
      "rating": 5,
      "ecoPointsEarned": 12,
      "vehicleNumber": "DL01AB1234"
    },
    {
      "id": "RES002",
      "slotId": "SL002",
      "slotName": "Tech Hub Garage - Level 1",
      "date": "2024-01-14",
      "startTime": "09:30",
      "endTime": "17:30",
      "duration": 8,
      "price": 320,
      "status": "completed",
      "rating": 4,
      "ecoPointsEarned": 25,
      "vehicleNumber": "DL01AB1234",
      "evChargingUsed": true,
      "chargingCost": 80
    },
    {
      "id": "RES003",
      "slotId": "SL004",
      "slotName": "Mall of India - Ground Floor",
      "date": "2024-01-20",
      "startTime": "14:00",
      "endTime": "16:00",
      "duration": 2,
      "price": 160,
      "status": "upcoming",
      "vehicleNumber": "DL01AB1234"
    },
    {
      "id": "RES004",
      "slotId": "SL006",
      "slotName": "Green Park - Eco Parking",
      "date": "2024-01-13",
      "startTime": "08:00",
      "endTime": "09:30",
      "duration": 1.5,
      "price": 67.5,
      "status": "completed",
      "rating": 5,
      "ecoPointsEarned": 35,
      "vehicleNumber": "DL01AB1234"
    },
    {
      "id": "RES005",
      "slotId": "SL005",
      "slotName": "Corporate Tower - Basement",
      "date": "2024-01-25",
      "startTime": "07:00",
      "endTime": "18:00",
      "duration": 11,
      "price": 385,
      "status": "upcoming",
      "vehicleNumber": "DL01AB1234"
    }
  ]
}
