{
  "ecoWallet": {
    "totalPoints": 850,
    "thisMonth": 180,
    "carbonSaved": 125.5,
    "rank": 12,
    "tier": "Gold",
    "nextTierPoints": 1000
  },
  "transactions": [
    {
      "id": "TXN001",
      "type": "earned",
      "amount": 35,
      "description": "Eco parking - Green Park choice",
      "date": "2024-01-13",
      "category": "smart-choice"
    },
    {
      "id": "TXN002",
      "type": "earned",
      "amount": 25,
      "description": "EV charging used during reservation",
      "date": "2024-01-14",
      "category": "ev-charging"
    },
    {
      "id": "TXN003",
      "type": "earned",
      "amount": 12,
      "description": "Regular parking completion",
      "date": "2024-01-15",
      "category": "completion"
    },
    {
      "id": "TXN004",
      "type": "redeemed",
      "amount": -50,
      "description": "Redeemed for discount code",
      "date": "2024-01-10",
      "category": "redemption"
    },
    {
      "id": "TXN005",
      "type": "earned",
      "amount": 78,
      "description": "Off-peak parking bonus",
      "date": "2024-01-08",
      "category": "bonus"
    }
  ],
  "leaderboard": [
    {
      "rank": 1,
      "name": "Priya Kumar",
      "points": 2540,
      "avatar": "🏆"
    },
    {
      "rank": 2,
      "name": "Arjun Singh",
      "points": 2180,
      "avatar": "⭐"
    },
    {
      "rank": 3,
      "name": "Neha Sharma",
      "points": 1920,
      "avatar": "🌟"
    },
    {
      "rank": 4,
      "name": "Rohit Patel",
      "points": 1750,
      "avatar": "✨"
    },
    {
      "rank": 5,
      "name": "Anjali Desai",
      "points": 1620,
      "avatar": "💫"
    },
    {
      "rank": 12,
      "name": "You (John Doe)",
      "points": 850,
      "avatar": "👤",
      "isCurrentUser": true
    }
  ],
  "rewards": [
    {
      "id": "RWD001",
      "title": "Free Parking - 1 Hour",
      "description": "One free hour of parking at any ParkEase location",
      "points": 300,
      "available": true,
      "category": "parking"
    },
    {
      "id": "RWD002",
      "title": "10% Discount Voucher",
      "description": "10% discount on next 5 reservations",
      "points": 200,
      "available": true,
      "category": "discount"
    },
    {
      "id": "RWD003",
      "title": "Free EV Charging - 30 mins",
      "description": "30 minutes of free EV charging",
      "points": 400,
      "available": true,
      "category": "charging"
    },
    {
      "id": "RWD004",
      "title": "Priority Booking Badge",
      "description": "Priority access to popular slots for 30 days",
      "points": 500,
      "available": false,
      "category": "premium"
    },
    {
      "id": "RWD005",
      "title": "Carbon Offset Certificate",
      "description": "Donate to plant a tree in your name",
      "points": 100,
      "available": true,
      "category": "sustainability"
    }
  ]
}
