{
  "slots": [
    {
      "id": "SL001",
      "name": "Downtown Plaza - Level 2",
      "location": {
        "lat": 28.7041,
        "lng": 77.1025,
        "address": "Connaught Place, Delhi",
        "distance": "450m"
      },
      "available": true,
      "price": 50,
      "type": "regular",
      "evCharging": false,
      "occupancy": 75,
      "rating": 4.5
    },
    {
      "id": "SL002",
      "name": "Tech Hub Garage - Level 1",
      "location": {
        "lat": 28.6139,
        "lng": 77.2090,
        "address": "Sector 62, Noida",
        "distance": "850m"
      },
      "available": true,
      "price": 40,
      "type": "regular",
      "evCharging": true,
      "occupancy": 45,
      "rating": 4.2
    },
    {
      "id": "SL003",
      "name": "Airport Parking Complex",
      "location": {
        "lat": 28.5562,
        "lng": 77.0926,
        "address": "IGI Airport, Delhi",
        "distance": "1200m"
      },
      "available": false,
      "price": 120,
      "type": "premium",
      "evCharging": true,
      "occupancy": 100,
      "rating": 4.8
    },
    {
      "id": "SL004",
      "name": "Mall of India - Ground Floor",
      "location": {
        "lat": 28.5893,
        "lng": 77.1370,
        "address": "Sector 38, Noida",
        "distance": "650m"
      },
      "available": true,
      "price": 80,
      "type": "regular",
      "evCharging": false,
      "occupancy": 60,
      "rating": 4.4
    },
    {
      "id": "SL005",
      "name": "Corporate Tower - Basement",
      "location": {
        "lat": 28.6245,
        "lng": 77.1855,
        "address": "Gurugram Business Park",
        "distance": "2100m"
      },
      "available": true,
      "price": 35,
      "type": "regular",
      "evCharging": false,
      "occupancy": 30,
      "rating": 4.1
    },
    {
      "id": "SL006",
      "name": "Green Park - Eco Parking",
      "location": {
        "lat": 28.5565,
        "lng": 77.1832,
        "address": "Green Park Delhi",
        "distance": "380m"
      },
      "available": true,
      "price": 45,
      "type": "eco",
      "evCharging": true,
      "occupancy": 25,
      "rating": 4.9,
      "ecoPoints": 15
    }
  ]
}
